ΟΝΟΜΑ ΣΧΟΛΗΣ,Θέσεις_2024,Επιτυχόντες_2024,Κάλυψη_2024,Θέσεις_2025,Επιτυχόντες_2025,Κάλυψη_2025,Μόρια_Πρώτου_2024,Βάση_2024,Μόρια_Πρώτου_2025,Βάση_2025,Ιστοσελίδα Τμήματος
ΑΓΩΓΗΣ ΚΑΙ ΦΡΟΝΤΙΔΑΣ ΣΤΗΝ ΠΡΩΙΜΗ ΠΑΙΔΙΚΗ ΗΛΙΚΙΑ (ΘΕΣΣΑΛΟΝΙΚΗ),149.0,149.0,100.0,149.0,148.0,99.32885906040268,15100.0,11475.0,16425.0,11250.0,https://ecec.ihu.gr/
"ΒΙΒΛΙΟΘΗΚΟΝΟΜΙΑΣ, ΑΡΧΕΙΟΝΟΜΙΑΣ ΚΑΙ ΣΥΣΤΗΜΑΤΩΝ ΠΛΗΡΟΦΟΡΗΣΗΣ (ΘΕΣΣΑΛΟΝΙΚΗ)",128.0,127.0,99.22,128.0,127.0,99.21875,14075.0,9275.0,16950.0,9300.0,http://www.lisa.ihu.gr/
ΒΙΟΪΑΤΡΙΚΩΝ ΕΠΙΣΤΗΜΩΝ (ΘΕΣΣΑΛΟΝΙΚΗ),235.0,132.0,56.17,235.0,157.0,66.80851063829788,18090.0,14365.0,16960.0,14240.0,https://www.bmsc.ihu.gr/
ΓΕΩΠΟΝΙΑΣ (ΘΕΣΣΑΛΟΝΙΚΗ) - ΔΙ.ΠΑ.Ε.,214.0,205.0,95.79,214.0,132.0,61.6822429906542,14375.0,10800.0,14460.0,11040.0,https://www.agro.ihu.gr/
ΔΗΜΙΟΥΡΓΙΚΟΥ ΣΧΕΔΙΑΣΜΟΥ ΚΑΙ ΕΝΔΥΣΗΣ (ΚΙΛΚΙΣ),162.0,132.0,81.48,162.0,153.0,94.44444444444444,15775.0,8325.0,16400.0,8650.0,https://cdc.ihu.gr/
ΔΙΟΙΚΗΣΗΣ ΕΦΟΔΙΑΣΤΙΚΗΣ ΑΛΥΣΙΔΑΣ (ΚΑΤΕΡΙΝΗ),195.0,193.0,98.97,195.0,191.0,97.94871794871794,15260.0,9520.0,14730.0,9660.0,https://logistics.ihu.gr/
"ΔΙΟΙΚΗΣΗΣ ΟΡΓΑΝΙΣΜΩΝ, ΜΑΡΚΕΤΙΝΓΚ ΚΑΙ ΤΟΥΡΙΣΜΟΥ (ΘΕΣΣΑΛΟΝΙΚΗ)",342.0,339.0,99.12,342.0,337.0,98.53801169590643,16490.0,11630.0,17320.0,12170.0,https://ommt.ihu.gr/
ΕΠΙΣΤΗΜΗΣ ΚΑΙ ΤΕΧΝΟΛΟΓΙΑΣ ΤΡΟΦΙΜΩΝ (ΘΕΣΣΑΛΟΝΙΚΗ),133.0,132.0,99.25,133.0,129.0,96.99248120300751,14740.0,12760.0,15360.0,12650.0,https://www.food.ihu.gr/
ΕΠΙΣΤΗΜΩΝ ΔΙΑΤΡΟΦΗΣ ΚΑΙ ΔΙΑΙΤΟΛΟΓΙΑΣ (ΘΕΣΣΑΛΟΝΙΚΗ),123.0,72.0,58.54,123.0,122.0,99.1869918699187,16760.0,14210.0,16610.0,13850.0,https://nutr.ihu.gr/el/
ΕΣΩΤΕΡΙΚΗΣ ΑΡΧΙΤΕΚΤΟΝΙΚΗΣ (ΣΕΡΡΕΣ),126.0,124.0,98.41,126.0,124.0,98.4126984126984,19960.0,12550.0,18285.0,13545.0,https://ia.ihu.gr/
ΛΟΓΙΣΤΙΚΗΣ ΚΑΙ ΠΛΗΡΟΦΟΡΙΑΚΩΝ ΣΥΣΤΗΜΑΤΩΝ (ΘΕΣΣΑΛΟΝΙΚΗ),183.0,176.0,96.17,183.0,177.0,96.72131147540983,15870.0,11960.0,14760.0,12360.0,https://www.accis.ihu.gr/
ΜΑΙΕΥΤΙΚΗΣ (ΘΕΣΣΑΛΟΝΙΚΗ),123.0,122.0,99.19,123.0,37.0,30.08130081300813,16427.0,12201.0,16213.0,13241.0,https://www.ihu.gr/tmima-maieftikis/
ΜΗΧΑΝΙΚΩΝ ΠΑΡΑΓΩΓΗΣ ΚΑΙ ΔΙΟΙΚΗΣΗΣ (ΘΕΣΣΑΛΟΝΙΚΗ),149.0,144.0,96.64,149.0,145.0,97.31543624161074,16815.0,11900.0,16375.0,12585.0,https://www.iem.ihu.gr/
ΜΗΧΑΝΙΚΩΝ ΠΕΡΙΒΑΛΛΟΝΤΟΣ (ΘΕΣΣΑΛΟΝΙΚΗ),118.0,113.0,95.76,118.0,115.0,97.45762711864408,14110.0,10085.0,15315.0,10510.0,https://env.ihu.gr/
ΜΗΧΑΝΙΚΩΝ ΠΛΗΡΟΦΟΡΙΚΗΣ ΚΑΙ ΗΛΕΚΤΡΟΝΙΚΩΝ ΣΥΣΤΗΜΑΤΩΝ (ΘΕΣΣΑΛΟΝΙΚΗ),214.0,212.0,99.07,214.0,212.0,99.06542056074768,17465.0,15030.0,17355.0,14740.0,https://www.iee.ihu.gr/
"ΜΗΧΑΝΙΚΩΝ ΠΛΗΡΟΦΟΡΙΚΗΣ, ΥΠΟΛΟΓΙΣΤΩΝ ΚΑΙ ΤΗΛΕΠΙΚΟΙΝΩΝΙΩΝ (ΣΕΡΡΕΣ)",174.0,164.0,94.25,174.0,167.0,95.97701149425288,16390.0,13440.0,17910.0,13450.0,https://www.ict.ihu.gr/
ΜΗΧΑΝΙΚΩΝ ΤΟΠΟΓΡΑΦΙΑΣ ΚΑΙ ΓΕΩΠΛΗΡΟΦΟΡΙΚΗΣ (ΣΕΡΡΕΣ),65.0,61.0,93.85,65.0,61.0,93.84615384615384,11610.0,10150.0,13030.0,11280.0,http://topogeo.ihu.gr/
ΜΗΧΑΝΟΛΟΓΩΝ ΜΗΧΑΝΙΚΩΝ (ΣΕΡΡΕΣ),137.0,133.0,97.08,137.0,131.0,95.62043795620438,14160.0,10340.0,16380.0,11980.0,https://mech.ihu.gr/
ΝΟΣΗΛΕΥΤΙΚΗΣ (ΘΕΣΣΑΛΟΝΙΚΗ),135.0,134.0,99.26,135.0,134.0,99.25925925925924,16430.0,12710.0,15315.0,12790.0,http://www.nurse.teithe.gr/
ΟΙΚΟΝΟΜΙΚΩΝ ΕΠΙΣΤΗΜΩΝ (ΣΕΡΡΕΣ),303.0,285.0,94.06,303.0,288.0,95.04950495049503,16200.0,9080.0,14430.0,9555.0,https://www.es.ihu.gr/
ΟΡΓΑΝΩΣΗΣ ΚΑΙ ΔΙΟΙΚΗΣΗΣ ΕΠΙΧΕΙΡΗΣΕΩΝ (ΣΕΡΡΕΣ),272.0,257.0,94.49,272.0,262.0,96.32352941176472,15250.0,8750.0,15675.0,8950.0,https://www.ba.ihu.gr/
ΠΟΛΙΤΙΚΩΝ ΜΗΧΑΝΙΚΩΝ (ΣΕΡΡΕΣ),97.0,93.0,95.88,97.0,91.0,93.81443298969072,13783.0,11477.0,13812.0,12154.0,http://civil.ihu.gr/
ΦΥΣΙΚΟΘΕΡΑΠΕΙΑΣ (ΘΕΣΣΑΛΟΝΙΚΗ),138.0,138.0,100.0,139.0,138.0,99.28057553956836,18090.0,15350.0,17955.0,15100.0,https://phys.ihu.gr/
,,,,,,,,,,,
,,,,,,,,,,,
,,,,,,,,,,,
,,,,,,,,,,,
ΣΥΝΟΛΟ,3915.0,3635.0,92.85,3916.0,3578.0,91.36874361593462,,,,,
ΜΑΧ,342.0,339.0,99.12,342.0,337.0,99.32885906040268,,,,,
ΜΙΝ,65.0,61.0,93.85,65.0,37.0,30.08130081300813,,,,,
